{
  "wo": [
    [
      1.6578085546799508,
      1.3759178853190062,
      -0.42871234844470585,
      -1.6972397380739361,
      1.0490583048350042,
      0.9669485238029403,
      -1.9431558247974408
    ],
    [
      -0.17069932830242343,
      1.1759445521601064,
      -1.8098121636583642,
      1.7240780678022614,
      1.8438468615738237,
      0.7774385005543513,
      -1.567799465490061
    ],
    [
      -1.7167126296250494,
      -0.9619699208100727,
      -1.954687425019352,
      -0.6819755561951133,
      -1.970380931928507,
      1.9342967265461157,
      1.173618152966551
    ],
    [
      -1.6400592069525983,
      1.9102892744249191,
      -1.1097970322304564,
      -1.0374508536571974,
      0.7267028502646621,
      1.7072212421507327,
      -1.416519827016466
    ],
    [
      -1.9705963418403374,
      -0.899589984173359,
      -1.9706576069510975,
      0.3060099403030004,
      1.391763339886579,
      -1.1756997140371634,
      -1.625168382658118
    ],
    [
      -0.5656693844902629,
      1.415865070741485,
      -1.320073510780112,
      1.5953760093747937,
      -0.5788167112483558,
      0.09538753844164004,
      -0.6671887142097191
    ],
    [
      1.4826342602367544,
      1.354268016308806,
      0.4003653078707287,
      -1.1624584832667983,
      1.6727331127403589,
      -1.292183614549393,
      0.2518892238728095
    ],
    [
      -1.3281701321398953,
      1.134369931772769,
      1.5525553376142356,
      1.1085198372597946,
      -0.7412149658109494,
      -0.8248919792527492,
      0.8791056171962847
    ],
    [
      -0.8104588184910714,
      0.04814527509989852,
      -1.7078181418234544,
      -1.3489852536892233,
      -1.8428443889913708,
      -1.7531168595777782,
      -1.6095233421259334
    ],
    [
      -0.35671414464070467,
      -0.14222604141658393,
      0.8733357609912379,
      -1.547040754727463,
      -0.33036701450583617,
      0.6130324781309969,
      -1.7058722782279798
    ],
    [
      -0.1762067563095727,
      -0.06165532252996788,
      1.855637711873424,
      -1.6442779929073943,
      -0.29801052288228636,
      -0.40513650752637237,
      0.9634156560584145
    ]
  ],
  "wi": [
    [
      0.13776874061001926,
      0.10318176117612099,
      -0.031771367667662004,
      -0.09643329988281467,
      0.004509888547443414,
      -0.03802634501983429,
      0.11351943561390904,
      -0.07867490956842903,
      -0.009361218339057675,
      0.03335281578201249,
      0.16324515407813406
    ],
    [
      0.015956725980912485,
      -0.05514942685318756,
      0.05277793612832992,
      0.05507317632118078,
      -0.08008786198167442,
      0.04762552686235931,
      -0.06502480668170037,
      -0.03218895420482775,
      0.12928070919141715,
      -0.024462773893369108,
      0.04726329474021178
    ],
    [
      0.16339668680456582,
      0.07317629229561044,
      0.0008531698090495603,
      -0.1584372812469042,
      -0.025948804752971562,
      0.022786336024340523,
      0.03358672427279969,
      0.11576608325468006,
      0.0002634362837572868,
      0.14690429406578429,
      -0.09534421293621591
    ],
    [
      0.12442703436892182,
      -0.015843105796086367,
      -0.205113561229955,
      0.08469506742015005,
      -0.04930643970855498,
      -0.011209459298661227,
      0.08232921222824928,
      -0.1251453967334922,
      -0.009530864473715366,
      0.14601452791363959,
      -0.09498473205458112
    ],
    [
      -0.1479455841705018,
      0.11989867473848066,
      -0.12529359022505726,
      0.0059437022157918205,
      -0.10773394891969039,
      -0.07727553197481006,
      0.015620404202364555,
      0.019476894513720255,
      -0.1744628078304725,
      -0.06639810182889927,
      0.031492823441537615
    ],
    [
      0.17313352969076273,
      -0.15637686162755854,
      0.0205068984362205,
      0.08262456394675588,
      0.0189763645313695,
      0.1257867453165344,
      0.016113442788129595,
      0.18553541838952037,
      0.04127425118455319,
      0.03504682567017453,
      -0.022004389489793524
    ],
    [
      0.04201498231657045,
      -0.042598687078041056,
      0.02559548781941255,
      -0.08530334405375939,
      -0.12537654387935093,
      -0.12112062758025943,
      0.00861955407561825,
      0.06768335489398537,
      -0.009378096790542982,
      -0.1445159319657459,
      0.1096344065295372
    ],
    [
      0.1507081483291099,
      0.1693524063785123,
      0.13698408925607297,
      0.1592692485431516,
      0.16923297592807074,
      0.01623996997922178,
      -0.043481579906150036,
      0.0821133599417625,
      -0.08974635147514914,
      0.12465148340315141,
      0.13979438607454686
    ],
    [
      0.21804224278339926,
      0.09834890124100888,
      0.08775800766529482,
      0.032504433256871794,
      0.013692250096873847,
      -0.04960185401956435,
      0.005349568418734625,
      0.09332483207487248,
      0.0637335879573775,
      -0.0720870005383505,
      -0.0074524457037689045
    ],
    [
      -0.03003962314267399,
      0.022803356349411393,
      0.05377164605078313,
      -0.08031916891453367,
      0.0909493503207092,
      0.004318138661561037,
      0.045422635833590415,
      0.07450526769785638,
      -0.0698155732097052,
      0.19588135936897896,
      -0.1567541404473127
    ],
    [
      -0.1613499207540588,
      0.042049478611157126,
      -0.12413865259179555,
      0.030964726576144828,
      0.14686889220901822,
      0.10420629168160522,
      -0.13495871175719648,
      0.012669349888685228,
      0.016853583273676392,
      0.03585625016191287,
      -0.007890862716890804
    ],
    [
      -0.11748826426708274,
      -0.0755487689207223,
      0.15165970470183368,
      -0.21601595851742417,
      -0.1432058851209853,
      0.013820000281615554,
      -0.06993468306422217,
      -0.055316257003986756,
      -0.04949995647914996,
      0.14299398664503554,
      0.21240282717092362
    ],
    [
      -0.18493910676552605,
      -0.03105168319158131,
      -0.15257021288183464,
      -0.09436871669328639,
      -0.09970831215187351,
      -0.21223205886429225,
      -0.12957648321694584,
      -0.037258706028110364,
      -0.009362850634038212,
      -0.14631673058828698,
      -0.11087036211877047
    ],
    [
      0.20242466266874867,
      -0.11760847103732618,
      -0.06158774371546421,
      0.09014908664333497,
      0.12611644791967655,
      -0.00701311232054243,
      -0.011441429691278149,
      0.013731876020981828,
      0.14738424598455907,
      -0.14610102847285814,
      0.11247251053604394
    ],
    [
      0.13816983748064654,
      -0.06307498356856642,
      -0.09972506428595534,
      0.038716557387764416,
      -0.023074386520368417,
      -0.13007220621942356,
      -0.011349833961484812,
      -0.03603784173697816,
      0.027645095809712084,
      0.003440052025053264,
      -0.07542159959991729
    ],
    [
      -0.06860045974507903,
      0.09785248713777928,
      -0.05847024778777378,
      0.011574077601812914,
      -0.19874563006654805,
      0.020767705771921503,
      -0.053302146565990305,
      -0.09843327901257401,
      -0.0952395181666679,
      -0.0497239128128656,
      0.1604551958249613
    ],
    [
      -0.12765808741586016,
      -0.08130136003815555,
      -0.0035071948982395144,
      0.1628287091731826,
      0.07267714562787025,
      0.00199621610389394,
      0.02801319111690847,
      -0.03995163594652553,
      0.012000335784821032,
      0.14550421272936484,
      -0.26482900028274714
    ],
    [
      -0.11849609166765494,
      -0.07235866366102824,
      0.026816536079617963,
      -0.0020719552385151025,
      -0.006543828194857022,
      0.046099104685220695,
      0.035611481732749264,
      -0.0571810329958195,
      -0.04454403719307836,
      0.134786951414552,
      -0.028001516825137785
    ],
    [
      -0.007453802565442442,
      -0.1320149348004356,
      -0.015671895134170385,
