{
  "wo": [
    [
      1.661373131635187,
      1.4182986800792488,
      -0.4522126303527069,
      -1.6951537064869227,
      1.0497629654784277,
      0.9575004868014353,
      -1.9450117847072936
    ],
    [
      -0.15988647545121343,
      1.2132724586540937,
      -1.8520017454873996,
      1.6732327007286225,
      1.8300945711780172,
      0.7601319231241884,
      -1.5556324504056587
    ],
    [
      -1.7081175497303593,
      -0.9840245102889511,
      -1.9711936121671552,
      -0.697383447182427,
      -1.949482591175563,
      1.922333334518007,
      1.170065147771461
    ],
    [
      -1.6281302860253033,
      1.9132189093803231,
      -1.1328986962908532,
      -1.0072837103518313,
      0.750502549245324,
      1.747349958111337,
      -1.4036369654959768
    ],
    [
      -1.9590522578569491,
      -0.9072363869795147,
      -1.9687101689430768,
      0.30452170281371715,
      1.3899790059044894,
      -1.1631248208078786,
      -1.6403927666605629
    ],
    [
      -0.5199650860136381,
      1.3836602828679967,
      -1.3467458152249898,
      1.58915696300743,
      -0.5760453657709821,
      0.14104341235226053,
      -0.6581008634451021
    ],
    [
      1.4603530374459768,
      1.3165723506512295,
      0.3852217965221134,
      -1.1750964317508388,
      1.706498272111664,
      -1.292600479387501,
      0.2644456511499807
    ],
    [
      -1.3112705102241924,
      1.1742858600688153,
      1.5376815349848512,
      1.105166494358171,
      -0.7428311525248734,
      -0.8161505394852633,
      0.8710824633727532
    ],
    [
      -0.8207914214381204,
      0.02420903621268753,
      -1.677266077451793,
      -1.3255426583121415,
      -1.8275191794731722,
      -1.7913148651213244,
      -1.5908948022518328
    ],
    [
      -0.3717404335391074,
      -0.12480039511297635,
      0.8901073955630994,
      -1.5813575994039708,
      -0.3332574008691295,
      0.6040297044171921,
      -1.6958156008735796
    ],
    [
      -0.14648937966127945,
      -0.029292316626046113,
      1.8218072317716707,
      -1.7124310681217016,
      -0.27108323722011807,
      -0.3878792123041389,
      0.928325232345986
    ]
  ],
  "wi": [
    [
      0.13776874061001926,
      0.10318176117612099,
      -0.031771367667662004,
      -0.09643329988281467,
      0.004509888547443414,
      -0.03802634501983429,
      0.11351943561390904,
      -0.07867490956842903,
      -0.009361218339057675,
      0.03335281578201249,
      0.16324515407813406
    ],
    [
      0.0021438959393418667,
      -0.049348144536728186,
      -0.011958580511115265,
      0.07378776634644335,
      -0.07023371805405722,
      0.06033047786594836,
      -0.08687988887594376,
      -0.01691275529575702,
      0.10558158004643961,
      -0.01738784173465912,
      0.045739707247774035
    ],
    [
      0.17012926684486357,
      0.07284511584488189,
      0.004513493634103334,
      -0.15720375431593914,
      -0.02638700214911931,
      0.054610733799200645,
      0.03687197503282913,
      0.11882610459984329,
      0.003630389710678968,
      0.14692082638405415,
      -0.09491454052518729
    ],
    [
      0.13487329319743047,
      -0.021212370902894045,
      -0.20691310983498587,
      0.08368216790433854,
      -0.05789370399485121,
      -0.016389661928438205,
      0.09540119226254053,
      -0.1277275920668713,
      -0.011366416410137449,
      0.14569628617054925,
      -0.09470852860605483
    ],
    [
      -0.18219882462099846,
      0.11604738111025681,
      -0.13274932298477707,
      -0.0017776983603186114,
      -0.11718921643072598,
      -0.13622305522842743,
      0.012475678998501454,
      0.03905985038572919,
      -0.20421702287116286,
      -0.0712761380529363,
      0.024868965871177703
    ],
    [
      0.17313352969076273,
      -0.15637686162755854,
      0.0205068984362205,
      0.08262456394675588,
      0.0189763645313695,
      0.1257867453165344,
      0.016113442788129595,
      0.18553541838952037,
      0.04127425118455319,
      0.03504682567017453,
      -0.022004389489793524
    ],
    [
      0.04084229405479198,
      -0.03960742378333703,
      0.023657565105821614,
      -0.08580828613596135,
      -0.12661563979138982,
      -0.13831502889305064,
      0.01338152207426085,
      0.07001760031326473,
      -0.010782820893597111,
      -0.14080418561915026,
      0.11744584906428542
    ],
    [
      0.1507081483291099,
      0.1693524063785123,
      0.13698408925607297,
      0.1592692485431516,
      0.16923297592807074,
      0.01623996997922178,
      -0.043481579906150036,
      0.0821133599417625,
      -0.08974635147514914,
      0.12465148340315141,
      0.13979438607454686
    ],
    [
      0.2528174514568405,
      0.12212879155257371,
      -0.0046766694350690394,
      0.06581221861615806,
      0.0378549894824084,
      -0.05404240465709355,
      -0.014019821194512207,
      0.12006976726089556,
      0.05754922420405665,
      -0.05592741630104193,
      -0.0009986457812556971
    ],
    [
      -0.05582383865398413,
      0.014455093622832576,
      -0.014152627928921739,
      -0.05233078665638006,
      0.08113223996099797,
      0.03835828191603721,
      0.06841593840049046,
      0.08160579608314274,
      -0.11013471689977043,
      0.1984743110803541,
      -0.158599391848461
    ],
    [
      -0.15558489345799079,
      0.041480849633365624,
      -0.11162747676188897,
      0.030828303380000976,
      0.1326933990429653,
      0.15080463099486835,
      -0.19879527121618515,
      0.01670775284140863,
      -0.007785157552623649,
      0.03679596506747442,
      -0.039569347900236446
    ],
    [
      -0.13822320635931196,
      -0.07303011325954058,
      0.1222100248822071,
      -0.22188036733421043,
      -0.0987299477926749,
      0.023701838036144916,
      -0.057757914045203494,
      -0.04932495825735558,
      -0.0026996007790954213,
      0.14311503569014922,
      0.22983419380501774
    ],
    [
      -0.17776393403734095,
      -0.022901742676803324,
      -0.13725565658008546,
      -0.0927535271623344,
      -0.07411228945150868,
      -0.24662980134637472,
      -0.22358649604385927,
      -0.03908570872028416,
      -0.007938553869508555,
      -0.1360090895979999,
      -0.0965256160411184
    ],
    [
      0.20005651398280735,
      -0.11102186191903217,
      -0.05652145864257566,
      0.08947981289174015,
      0.12058528112979343,
      -0.05135169999186846,
      -0.0027766777639496986,
      0.017203158950188042,
      0.11309752779456067,
      -0.14370758209103196,
      0.13739264433745893
    ],
    [
      0.13816983748064654,
      -0.06307498356856642,
      -0.09972506428595534,
      0.038716557387764416,
      -0.023074386520368417,
      -0.13007220621942356,
      -0.011349833961484812,
      -0.03603784173697816,
      0.027645095809712084,
      0.003440052025053264,
      -0.07542159959991729
    ],
    [
      -0.05969473585686388,
      0.10410834563204545,
      -0.04146876716201692,
      0.02109593546124133,
      -0.20193087063561313,
      0.008805732630474976,
      -0.1111876375211618,
      -0.12194820347350752,
      -0.08256292189731693,
      -0.03708567220057389,
      0.1486018490056958
    ],
    [
      -0.1206969344738743,
      -0.048515542995356285,
      -0.025181856322265904,
      0.19792492264426773,
      0.10163612834357018,
      -0.010210040822077836,
      0.0051608612520415665,
      -0.05941513629776087,
      0.055055212410251825,
      0.15133401298621163,
      -0.30097321575306013
    ],
    [
      -0.14920034241074034,
      -0.05818162146150132,
      0.028459289742800986,
      -0.038935269510715034,
      0.015524197941788592,
      0.0772787505710938,
      0.06157806184300684,
      -0.09548908846326093,
      -0.06318049893170727,
      0.15314832508087195,
      0.004045910192814632
    ],
    [
      -0.025280981413776004,
      -0.15661214464593531,
      -0.03926165609160005,
