{
  "wo": [
    [
      1.7461958655624235,
      1.7668028244981402,
      -0.4652346796573352,
      -1.630021147723782,
      1.0783358027114904,
      0.8674634022772735,
      -1.8723152874445974
    ],
    [
      -0.2271875509672716,
      0.6695901976093076,
      -1.7065876124087003,
      1.6420451990198588,
      1.748410505174919,
      0.8774980164373106,
      -1.5811215564992023
    ],
    [
      -1.6373381875893591,
      -0.5665520033255631,
      -1.9368290537783268,
      -0.5621068950295939,
      -1.917055194461337,
      1.8112580313711304,
      1.2084976761856223
    ],
    [
      -1.7509714247854449,
      1.525870148375511,
      -1.0272621622528675,
      -1.1695725184916845,
      0.694271473373624,
      1.7459109060433482,
      -1.4586854922370358
    ],
    [
      -1.859194003358995,
      -0.48239438837854026,
      -2.0154509879356577,
      0.42521590748917143,
      1.3917695771190135,
      -1.280444015705697,
      -1.5690055249603472
    ],
    [
      -0.5614594106803278,
      1.7481328354805055,
      -1.3993055827796803,
      1.7604261235233976,
      -0.5366704041123792,
      -0.009945573335487276,
      -0.7356756777329397
    ],
    [
      1.5944278926034607,
      1.7038628077166844,
      0.5259331481602576,
      -1.1382311470168849,
      1.9116387015749083,
      -1.522053097200851,
      0.3459331863631647
    ],
    [
      -1.2807096003654614,
      1.526536626451909,
      1.6377063625147024,
      1.209538563288092,
      -0.7481681691418197,
      -1.0424544726281673,
      0.9305047348299144
    ],
    [
      -0.9050139643465835,
      -0.36800061287850766,
      -1.6919626180386478,
      -1.4413510005846903,
      -1.874746530998627,
      -1.6450096269112962,
      -1.6627107168496151
    ],
    [
      -0.30459159530653146,
      0.23925114113479196,
      0.8477205688428042,
      -1.3630858477748764,
      -0.27751356851126663,
      0.490232653137088,
      -1.6341622609661701
    ],
    [
      -0.23538135270281618,
      -0.5275273577265847,
      1.914753406358202,
      -1.710871932265463,
      -0.3614348621411077,
      -0.31712834154129216,
      0.9652771347198034
    ]
  ],
  "wi": [
    [
      0.13776874061001926,
      0.10318176117612099,
      -0.031771367667662004,
      -0.09643329988281467,
      0.004509888547443414,
      -0.03802634501983429,
      0.11351943561390904,
      -0.07867490956842903,
      -0.009361218339057675,
      0.03335281578201249,
      0.16324515407813406
    ],
    [
      0.0018747423269561136,
      -0.08726486224011848,
      0.10232168166288957,
      0.04734759867013266,
      -0.09979746345502379,
      0.16389850238729603,
      0.19311419041506123,
      0.12408689439863585,
      0.1608663801758331,
      -0.07594097227226695,
      0.09193269930405146
    ],
    [
      0.15953531518719738,
      0.07359357276617651,
      -0.011142913818914663,
      -0.1597195167726537,
      -0.02633126581848652,
      0.04435478937752063,
      0.16520442129515928,
      0.18664254710830352,
      -0.009196089378913197,
      0.14612397110865605,
      -0.09580307584321623
    ],
    [
      0.12201113080520892,
      0.019479721534235717,
      -0.19438331993439242,
      0.08788187456158164,
      -0.0404705831102925,
      0.1299379908592932,
      0.06726128049274033,
      -0.1995428722742287,
      -0.0025688534138701424,
      0.14704111019711236,
      -0.10243564924514721
    ],
    [
      -0.1169043377134916,
      -0.09924668025702581,
      -0.056051077288754,
      0.022661833585106702,
      -0.11964187619386339,
      0.11547956400199218,
      -0.045266830488674206,
      0.05939954059510865,
      -0.08939119807458201,
      -0.04366609021044119,
      0.0669424410753348
    ],
    [
      0.17839545909284718,
      -0.03729965691569673,
      -0.011310186926588594,
      0.08322783777422274,
      0.06249664931913789,
      0.1287216768927654,
      0.13874347124293576,
      0.18187563206071553,
      0.04225440071357375,
      0.02322452005303468,
      -0.02568987632830831
    ],
    [
      0.038514744633242504,
      -0.04603954161093582,
      0.030260405665955392,
      -0.0838681990388968,
      -0.12424346857825755,
      -0.12530818869777796,
      0.045109271947442686,
      0.06266375559585152,
      -0.009387603196247707,
      -0.16407025552176255,
      0.10304156878657472
    ],
    [
      0.1507081483291099,
      0.1693524063785123,
      0.13698408925607297,
      0.1592692485431516,
      0.16923297592807074,
      0.01623996997922178,
      -0.043481579906150036,
      0.0821133599417625,
      -0.08974635147514914,
      0.12465148340315141,
      0.13979438607454686
    ],
    [
      0.15801558697067009,
      0.03592047341246393,
      0.17990594929284826,
      0.03187800429824236,
      -0.01977475734753792,
      0.06409815144895559,
      0.19850313574142908,
      0.16677648717898247,
      0.11733003365208966,
      -0.16705080472134104,
      0.04511324201628489
    ],
    [
      0.08942760010362726,
      0.008550638686280795,
      0.20140629420685838,
      -0.02338416566558114,
      0.049482242882147906,
      -0.005245470824959223,
      0.09016795258263731,
      0.10855708105842393,
      0.01626020715996551,
      -0.01899778511657548,
      -0.1662776454552453
    ],
    [
      -0.127027772435604,
      0.09031783043029094,
      0.00393146790959117,
      0.10105966130531668,
      0.17891251103429687,
      -0.02401918939269408,
      0.003218527708344205,
      -0.22101945874679377,
      0.0020111480659544914,
      0.018486817020828702,
      -0.0017676913481378285
    ],
    [
      -0.04037039558275336,
      -0.09280010315247217,
      0.164184469901813,
      -0.15738113909594742,
      -0.14496777716730244,
      0.2041227115663239,
      -0.05005255769138199,
      -0.09784661531035915,
      -0.045444392742618335,
      0.1292147802015156,
      0.1609128566929091
    ],
    [
      -0.1718622404479912,
      -0.07051804433278645,
      -0.1520207248209632,
      -0.025825011769526906,
      -0.04378513508532148,
      -0.016040081664421224,
      0.09423648494207863,
      -0.0704874179176326,
      0.07654924663299963,
      -0.12935043550158903,
      -0.1003930387185551
    ],
    [
      0.19529405948900042,
      -0.12025768381317481,
      -0.05657787947535928,
      0.09263932249014423,
      0.1353306260773665,
      0.1673928247981326,
      -0.13223015756101292,
      0.06905622542922102,
      0.1866195612172733,
      -0.17677962246940054,
      0.07048071371975129
    ],
    [
      0.09105819557589089,
      -0.06661112814017883,
      -0.03171211528356011,
      0.06988911763399251,
      -0.017413131486270796,
      -0.003663204730077758,
      -0.06412162055308654,
      0.08855589734938916,
      0.0411726365017831,
      -0.07161174405000595,
      -0.06642423055717535
    ],
    [
      -0.05229965966858667,
      0.02545687934847936,
      -0.03078374973517362,
      -0.04568871695788204,
      -0.2197738790246426,
      0.13657043616876927,
      -0.06861587587902397,
      -0.18034858233682685,
      0.05098977948361783,
      -0.19751880552889237,
      0.17241776157862354
    ],
    [
      -0.02542953465057642,
      -0.13643000503787955,
      -0.045515602215832236,
      0.13698246271508127,
      -0.04724297647637977,
      0.13741223688829457,
      0.023486973958312375,
      0.0018765334867374985,
      0.0007583014368144713,
      -0.012624026435707382,
      -0.2444207637704655
    ],
    [
      -0.07919117494034526,
      -0.07986124739154866,
      0.07676201881624088,
      0.22176992790938896,
      -0.08734940702237846,
      0.056951326826508136,
      0.07888999012242792,
      -0.12897789198797335,
      -0.02384143914917961,
      0.16229660083448053,
      -0.024440912889064925
    ],
    [
      0.09301900635750804,
      -0.05536898293642089,
      0.050074677159151613,
      0.016792163891727833,
