{
  "wo": [
    [
      1.7393114600973776,
      1.9038051615181404,
      -0.6147856515743515,
      -1.5952022845813503,
      1.1134092442665395,
      0.7499067582886023,
      -1.8725332257196303
    ],
    [
      -0.18420501399587833,
      0.5567573670682805,
      -1.531034159389776,
      1.5029730864021253,
      1.6983458990434794,
      0.8159397460182913,
      -1.4264302138985805
    ],
    [
      -1.5979128992194978,
      -0.541146734989011,
      -2.06253585671483,
      -0.50337315875294,
      -1.8763802710988895,
      1.8046892740059406,
      1.1256761196960015
    ],
    [
      -1.7620560243373575,
      1.4788956538071945,
      -0.9081540592412397,
      -1.2637121146684238,
      0.6624030385142342,
      1.7501932828313111,
      -1.3638429201127111
    ],
    [
      -1.8490820079143515,
      -0.42586559489360964,
      -2.143388033726848,
      0.5006560593480492,
      1.4000779184080565,
      -1.3071569823122857,
      -1.609478305170441
    ],
    [
      -0.4487480442643692,
      1.6998546024584804,
      -1.2551653238443268,
      1.654864175227581,
      -0.5571893326005819,
      0.015739957089582347,
      -0.6106226649799327
    ],
    [
      1.306082544889753,
      1.499035053897506,
      0.3908523976152086,
      -0.9141505674286695,
      1.691845936401223,
      -1.361113830943726,
      0.27420982374488806
    ],
    [
      -1.273594641572992,
      1.5392198904819026,
      1.5088859216047068,
      1.2615995302151384,
      -0.734348106189036,
      -1.072783352745634,
      0.8469989547940241
    ],
    [
      -0.8960629285251485,
      -0.43609519827046084,
      -1.5883866472792998,
      -1.5055357603026327,
      -1.9070380818916621,
      -1.6065503953995333,
      -1.5831604144453684
    ],
    [
      -0.3080790613033612,
      0.2441254490308355,
      0.7654633992288291,
      -1.2639065212285738,
      -0.28593092165366113,
      0.5376934008581761,
      -1.7686228133051058
    ],
    [
      -0.15837001548985924,
      -0.5461260741981437,
      2.0105377515423655,
      -1.7521049353084124,
      -0.37890780091477366,
      -0.32937391127208326,
      1.041224739401191
    ]
  ],
  "wi": [
    [
      0.13775110920515066,
      0.10292571429762196,
      -0.031663022627756617,
      -0.09651175282166244,
      0.0044780319013764235,
      -0.037880226689422036,
      0.1135744330664448,
      -0.07860468501794178,
      -0.009238560685461746,
      0.03331298306518219,
      0.16323539201959814
    ],
    [
      0.0027985378400129327,
      -0.08665833158601044,
      0.10157758902579439,
      0.0473529823677926,
      -0.09978719718085997,
      0.1642088269774396,
      0.19368227533115376,
      0.12369687760947663,
      0.1606035479088,
      -0.07569530327623755,
      0.09162706821895067
    ],
    [
      0.15960379814434345,
      0.07357538289988744,
      -0.010081701215125728,
      -0.1594162831092783,
      -0.026564012715538345,
      0.04477031101106295,
      0.16507088811523596,
      0.18683314541273227,
      -0.009201862100403892,
      0.14602264018089187,
      -0.0958274683431692
    ],
    [
      0.1218306668767216,
      0.019500544306495258,
      -0.19384678211700776,
      0.08808833389432229,
      -0.04030560586323232,
      0.1298447969243452,
      0.06676328431143616,
      -0.19985844023932375,
      -0.0023270456450154436,
      0.14698586458254598,
      -0.10241577875034696
    ],
    [
      -0.12118296427765557,
      -0.1472557265426199,
      -0.10952069731438072,
      0.02125089135106121,
      -0.11287803098301318,
      0.10268273352484243,
      -0.07988817168299507,
      0.09022601607501113,
      -0.12606396011292823,
      -0.06751010001965109,
      0.0664131790384869
    ],
    [
      0.1805771719086932,
      0.016716208988467283,
      0.0024377565890165635,
      0.08938837729937969,
      0.06883026217035365,
      0.1273287056373399,
      0.28049078894478197,
      0.1805630083467988,
      0.054738598393566935,
      0.03748378040830179,
      -0.02423790342115056
    ],
    [
      0.03836833556833424,
      -0.046028597612534056,
      0.030349794657093795,
      -0.08378353090991186,
      -0.12407554197240622,
      -0.12523427215370553,
      0.044582328303054475,
      0.0625885769965417,
      -0.008975904291635348,
      -0.16401273874917816,
      0.10296721951437882
    ],
    [
      0.1506359203104346,
      0.16843097375200514,
      0.13667167231339056,
      0.15858220954699453,
      0.16909936214123353,
      0.016187085212683177,
      -0.04301979722016583,
      0.08242509963963499,
      -0.08981677345251364,
      0.1243698418920386,
      0.14002835528040394
    ],
    [
      0.16003870818469174,
      0.03599406551515293,
      0.1798367572985911,
      0.030905144336497745,
      -0.019510429463572506,
      0.06474502701453455,
      0.19813607995727553,
      0.1652844764318982,
      0.11813118351773257,
      -0.16612751063833095,
      0.04420530125090364
    ],
    [
      0.09872566884017532,
      -0.025488668928094923,
      0.27931208104651983,
      -0.0036843693623650974,
      0.055589782677300775,
      0.05258627447181813,
      0.1221706777692124,
      0.12724487047116148,
      0.013250068880041632,
      -0.003275909407024903,
      -0.1650201133383045
    ],
    [
      -0.1333227320518006,
      0.17043865831230515,
      -0.06043263272084278,
      0.10840505747488892,
      0.18918034057369892,
      -0.053641420478723,
      -0.0025013578055147726,
      -0.2650459601559372,
      0.014622343320614396,
      0.05450026304942627,
      0.011833624301337938
    ],
    [
      -0.053700240435262794,
      -0.15801079938503443,
      0.18413238386713837,
      -0.15764540009905237,
      -0.14892286028548615,
      0.21313060062275935,
      -0.10226692103473772,
      -0.07609501151873896,
      -0.07179631712690263,
      0.12684474674343613,
      0.1565709891052281
    ],
    [
      -0.190898409310808,
      -0.12880540727780876,
      -0.1731312045723313,
      -0.04950172297018067,
      -0.055158434710365994,
      -0.04156926533405397,
      0.152402691925598,
      -0.05321137352989386,
      0.07196462194342569,
      -0.15314241313827134,
      -0.11808740191508398
    ],
    [
      0.19470601850821345,
      -0.12132623023141272,
      -0.05626034693515106,
      0.09230667451327168,
      0.13605360099225383,
      0.16713177575706475,
      -0.1334494657015527,
      0.06889229531836114,
      0.18781060979017344,
      -0.17646550544904516,
      0.07083936288172285
    ],
    [
      0.026745521297975004,
      -0.06833752342562747,
      -0.01618432394952798,
      0.06331685814945263,
      -0.0023946820251363105,
      0.022218420089156542,
      -0.05043978719785512,
      0.13204896366199245,
      0.045945417589802424,
      -0.04499222136222013,
      -0.07200422415908105
    ],
    [
      -0.04492772846297165,
      0.05420488498018226,
      -0.0362706014325746,
      -0.059705776448339375,
      -0.21534849046944418,
      0.15071941540051953,
      -0.11229773663269361,
      -0.18891483169136325,
      0.05218760613033071,
      -0.1986819574933555,
      0.16369310115172173
    ],
    [
      -0.02213728780491982,
      -0.1970611675416118,
      -0.07132212397251471,
      0.15712721134196436,
      -0.07407247335094445,
      0.21109381284289092,
      0.027976894500858305,
      0.009358756405470618,
      0.014282684223744955,
      -0.0030415027940123387,
      -0.26101246844625614
    ],
    [
      -0.09166421323388367,
      -0.08753972413558836,
      0.06418847987338881,
      0.25951599438585055,
      -0.0898286436128397,
      0.03419101879288554,
      0.13645887606146523,
      -0.1333065751647484,
      0.0063644271411566755,
      0.1895476020022361,
      -0.001105817913273276
    ],
    [
      0.08713750955678336,
      -0.08742128677505533,
      0.04310068176342231,
      0.06263223909780949,
